{"cameraMode":{"drawMode":0,"name":"Shaded","section":"Shading Mode"},"sceneLighting":true,"audioPlay":false,"sceneViewState":{"m_AlwaysRefresh":false,"showFog":true,"showSkybox":true,"showFlares":true,"showImageEffects":true,"showParticleSystems":true,"showVisualEffectGraphs":true,"m_FxEnabled":true},"in2DMode":false,"pivot":{"x":-0.035185307264328,"y":2.4315977096557619,"z":2.3851380348205568},"rotation":{"x":-0.1408078521490097,"y":0.021380428224802018,"z":-0.0030390869360417129,"w":-0.9898102283477783},"size":6.013940811157227,"orthographic":false}